id,date,type,program,set_one,rep_one,set_two,rep_two,set_three,rep_three,set_four,rep_four
1,5/10/2015,bench,initialFourSet,185,7,185,7,185,7,0,0
2,5/22/2015,bench,initialFourSet,185,7,185,8,185,7,0,0
3,6/7/2015,bench,initialFourSet,185,8,185,8,185,7,0,0
4,6/15/2015,bench,initialFourSet,185,8,185,6,185,5,0,0
5,6/22/2015,bench,initialFourSet,185,5,185,5,135,8,0,0
6,6/29/2015,bench,initialFourSet,185,7,185,7,185,7,0,0
7,7/6/2015,bench,initialFourSet,185,7,185,6,185,4,0,0
8,7/13/2015,bench,initialFourSet,185,6,185,6,185,6,0,0
9,7/26/2015,bench,initialFourSet,185,7,185,6,185,6,0,0
10,8/2/2015,bench,initialFourSet,185,7,185,7,185,6,0,0
11,8/9/2015,bench,initialFourSet,185,7,185,7,185,7,0,0
12,8/16/2015,bench,initialFourSet,185,5,185,7,185,7,0,0
13,8/23/2015,bench,initialFourSet,185,6,185,4,165,6,165,5
14,8/30/2015,bench,initialFourSet,185,7,185,7,165,8,165,8
15,9/6/2015,bench,initialFourSet,185,8,185,8,185,6,165,7
16,9/13/2015,bench,initialFourSet,205,7,205,4,185,6,185,6
17,9/20/2015,bench,initialFourSet,185,8,205,6,205,6,185,4
18,9/27/2015,bench,initialFourSet,185,7,205,7,205,4,185,7
19,10/4/2015,bench,initialFourSet,185,7,205,8,205,4,185,5
20,10/11/2015,bench,initialFourSet,185,7,225,5,205,6,185,7
21,10/18/2015,bench,initialFourSet,225,5,205,5,205,4,185,7
22,10/25/2015,bench,initialFourSet,225,5,205,6,205,5,185,5
23,11/1/2015,bench,initialFourSet,225,4,205,7,205,5,185,6
24,11/2/2015,"low squat",initialFourSet,75,10,95,10,95,10,0,0
25,11/5/2015,deadlift,initialFourSet,155,8,165,8,175,8,0,0
26,11/8/2015,bench,initialFourSet,205,6,225,4,225,3,195,9
27,11/9/2015,"low squat",initialFourSet,95,10,105,10,115,10,0,0
28,11/12/2015,deadlift,initialFourSet,175,8,195,8,195,8,0,0
29,11/15/2015,bench,initialFourSet,225,6,205,7,205,3,195,5
30,11/16/2015,"low squat",initialFourSet,115,10,125,10,135,10,0,0
31,11/19/2015,deadlift,initialFourSet,195,8,205,8,215,8,0,0
32,11/22/2015,bench,initialFourSet,225,6,215,5,215,4,195,5
33,11/23/2015,"low squat",initialFourSet,135,10,145,10,145,10,0,0
34,11/26/2015,deadlift,initialFourSet,225,8,225,8,235,6,0,0
35,11/29/2015,bench,initialFourSet,225,4,215,3,215,5,205,4
36,11/30/2015,"low squat",initialFourSet,155,8,165,8,165,5,155,8
37,12/3/2015,deadlift,initialFourSet,245,8,0,0,0,0,0,0
38,12/6/2015,bench,initialFourSet,225,6,215,5,215,4,205,5
39,12/7/2015,"low squat",initialFourSet,165,8,165,8,165,8,175,8
40,12/10/2015,deadlift,initialFourSet,265,7,0,0,0,0,0,0
41,12/13/2015,bench,initialFourSet,230,4,215,5,215,5,205,6
42,12/14/2015,"low squat",initialFourSet,165,8,175,8,175,8,175,8
43,12/17/2015,deadlift,initialFourSet,285,5,0,0,0,0,0,0
44,12/20/2015,bench,initialFourSet,230,6,215,5,215,5,205,6
45,12/21/2015,"low squat",initialFourSet,175,8,175,8,185,8,185,10
46,12/24/2015,deadlift,initialFourSet,300,3,0,0,0,0,0,0
47,12/27/2015,bench,initialFourSet,240,5,215,5,215,6,205,5
48,12/28/2015,"low squat",initialFourSet,185,8,195,8,195,8,205,8
49,12/31/2015,deadlift,initialFourSet,300,4,0,0,0,0,0,0
50,1/3/2016,bench,initialFourSet,240,3,225,4,215,6,215,5
51,1/4/2016,"low squat",initialFourSet,205,6,215,6,215,6,215,6
52,1/7/2016,deadlift,initialFourSet,300,5,225,3,225,5,225,5
53,1/10/2016,bench,initialFourSet,240,3,225,5,225,4,225,3
54,1/11/2016,"low squat",initialFourSet,215,6,215,6,215,6,225,6
55,1/14/2016,deadlift,initialFourSet,315,2,275,3,275,4,275,5
56,1/17/2016,bench,initialFourSet,240,4,225,5,225,4,225,4
57,1/18/2016,"low squat",initialFourSet,225,6,225,6,225,6,225,6
58,1/21/2016,deadlift,initialFourSet,315,3,275,5,295,3,275,4
59,1/24/2016,bench,initialFourSet,240,5,225,5,225,4,225,5
60,1/25/2016,"low squat",initialFourSet,225,4,225,5,225,5,225,3
61,1/29/2016,deadlift,initialFourSet,315,3,295,4,295,3,275,5
62,1/31/2016,bench,initialFourSet,245,5,245,4,245,3,225,2
63,2/1/2016,"low squat",initialFourSet,225,5,225,5,225,5,225,3
64,2/4/2016,deadlift,initialFourSet,315,4,315,2,275,5,275,5
65,2/7/2016,bench,initialFourSet,245,5,245,2,245,3,225,5
66,2/8/2016,"low squat",initialFourSet,225,5,225,5,225,6,225,6
67,2/11/2016,deadlift,initialFourSet,315,2,315,2,295,2,295,1
68,2/14/2016,bench,initialFourSet,250,5,245,4,245,3,225,5
69,2/15/2016,"low squat",initialFourSet,235,5,235,5,235,5,235,5
70,2/18/2016,deadlift,initialFourSet,315,5,315,3,295,3,275,5
71,2/21/2016,bench,initialFourSet,250,5,250,3,250,3,225,4
72,2/22/2016,"low squat",initialFourSet,245,5,245,5,245,5,245,5
73,2/25/2016,deadlift,initialFourSet,325,3,315,2,315,1,295,1
74,2/28/2016,bench,initialFourSet,225,5,145,8,145,10,145,8
75,2/29/2016,"low squat",initialFourSet,225,6,145,11,145,9,145,9
76,3/3/2016,deadlift,initialFourSet,325,4,315,3,315,2,275,5
77,3/6/2016,bench,initialFourSet,255,2,225,7,225,4,225,3
78,3/7/2016,"low squat",initialFourSet,250,5,250,5,250,5,250,5
79,3/10/2016,deadlift,initialFourSet,325,5,315,3,315,3,295,5
80,3/13/2016,bench,initialFourSet,255,3,235,5,235,4,225,2
81,3/14/2016,"low squat",initialFourSet,260,5,260,5,260,5,260,5
82,3/17/2016,deadlift,initialFourSet,345,3,315,2,225,5,225,5
83,3/20/2016,bench,initialFourSet,245,5,235,5,235,5,235,3
84,3/21/2016,"low squat",initialFourSet,255,5,275,5,265,5,265,5
85,3/24/2016,deadlift,initialFourSet,335,5,315,5,315,4,295,5
86,3/26/2016,bench,initialFourSet,255,3,245,4,235,5,235,4
87,3/28/2016,"low squat",initialFourSet,270,5,270,5,275,5,270,5
88,3/31/2016,deadlift,initialFourSet,345,3,315,5,315,5,315,5
89,4/3/2016,bench,initialFourSet,255,3,245,4,235,3,225,2
90,4/4/2016,"low squat",initialFourSet,275,5,275,5,275,5,275,5
91,4/7/2016,deadlift,initialFourSet,345,5,335,3,325,5,315,4
92,4/10/2016,bench,initialFourSet,255,4,245,4,235,4,225,4
93,4/11/2016,"low squat",initialFourSet,285,5,275,5,275,5,275,5
94,4/14/2016,deadlift,initialFourSet,355,5,335,3,325,5,315,5
95,4/17/2016,bench,initialFourSet,255,5,245,5,235,5,235,4
96,4/18/2016,"low squat",initialFourSet,295,5,295,5,295,5,295,5
97,4/21/2016,deadlift,initialFourSet,355,5,335,4,325,5,315,5
98,4/24/2016,bench,initialFourSet,260,4,245,5,245,4,235,2
99,4/25/2016,"low squat",initialFourSet,315,5,295,5,295,5,295,5
100,4/29/2016,deadlift,initialFourSet,355,5,335,5,325,5,315,5
101,5/1/2016,bench,initialFourSet,165,5,190,5,220,8,0,0
102,5/2/2016,"low squat",initialFourSet,210,5,240,5,270,9,0,0
103,5/4/2016,overhead,Wendler4,90,5,100,5,115,10,0,0
104,5/5/2016,deadlift,Wendler3,235,5,270,5,305,8,0,0
105,5/8/2016,bench,Wendler2,180,3,205,3,230,8,0,0
106,5/9/2016,"low squat",Wendler1,210,3,240,3,290,7,0,0
107,5/11/2016,overhead,Wendler4,95,3,110,3,120,8,0,0
108,5/12/2016,deadlift,Wendler3,250,3,280,3,325,5,0,0
109,5/15/2016,bench,Wendler2,190,5,220,3,245,3,0,0
110,5/16/2016,"low squat",Wendler1,240,5,270,3,305,6,0,0
111,5/18/2016,overhead,Wendler4,100,5,115,3,130,6,0,0
112,5/19/2016,deadlift,Wendler3,270,5,305,3,340,3,0,0
113,5/21/2016,bench,Wendler2,105,5,130,5,155,5,0,0
114,5/23/2016,"low squat",Wendler1,130,5,160,5,190,5,0,0
115,5/25/2016,overhead,Wendler4,55,5,70,5,80,5,0,0
116,5/26/2016,deadlift,Wendler3,145,5,180,5,215,5,0,0
117,5/29/2016,bench,Wendler2,175,5,200,5,225,6,0,0
118,5/30/2016,"low squat",Wendler1,220,5,255,5,285,6,0,0
119,6/1/2016,overhead,Wendler4,95,5,110,5,120,8,0,0
120,6/2/2016,deadlift,Wendler3,245,5,285,5,320,6,0,0
121,6/5/2016,bench,Wendler2,185,3,210,3,240,5,0,0
122,6/6/2016,"low squat",Wendler1,285,3,225,3,305,3,0,0
123,6/8/2016,overhead,Wendler4,100,3,115,3,130,6,0,0
124,6/9/2016,deadlift,Wendler3,265,3,300,3,340,4,0,0
125,6/12/2016,bench,Wendler2,200,5,225,3,250,4,0,0
126,6/13/2016,"low squat",Wendler1,255,5,285,3,320,2,0,0
127,6/15/2016,overhead,Wendler4,110,5,120,3,135,4,0,0
128,6/16/2016,deadlift,Wendler3,285,5,320,3,360,1,0,0
129,6/19/2016,bench,Wendler2,105,5,135,5,160,5,0,0
130,6/20/2016,"low squat",Wendler1,135,5,170,5,205,5,0,0
131,6/22/2016,overhead,Wendler4,60,5,70,5,85,5,0,0
132,6/23/2016,deadlift,Wendler3,150,5,190,5,225,5,0,0
133,6/26/2016,bench,Wendler2,180,5,205,5,235,5,0,0
134,6/27/2016,"low squat",Wendler1,0,0,0,0,0,0,0,0
135,6/29/2016,overhead,Wendler4,105,5,120,5,140,4,0,0
136,6/30/2016,deadlift,Wendler3,255,5,295,5,335,3,0,0
137,7/3/2016,bench,Wendler2,190,3,220,3,245,1,0,0
138,7/4/2016,"low squat",Wendler1,0,0,0,0,0,0,0,0
139,7/6/2016,overhead,Wendler4,115,3,130,3,145,3,0,0
140,7/7/2016,deadlift,Wendler3,275,3,315,1,275,3,0,0
141,7/10/2016,bench,Wendler2,205,5,230,3,255,1,0,0
142,7/11/2016,"low squat",Wendler1,0,0,0,0,0,0,0,0
143,7/13/2016,overhead,Wendler4,120,5,140,3,155,1,0,0
144,7/14/2016,deadlift,Wendler3,275,5,315,2,315,0,0,0
145,7/16/2016,bench,Wendler2,115,5,135,5,165,5,0,0
146,7/17/2016,"low squat",Wendler1,0,0,0,0,0,0,0,0
147,7/18/2016,overhead,Wendler4,65,5,80,5,95,5,0,0
148,7/20/2016,deadlift,Wendler3,135,5,145,5,175,5,0,0
149,7/23/2016,bench,Wendler2,180,5,205,5,235,4,0,0
150,7/25/2016,"low squat",Wendler1,190,5,225,5,250,4,0,0
151,7/27/2016,overhead,Wendler4,105,5,120,5,140,4,0,0
152,7/28/2016,deadlift,Wendler3,190,5,225,5,250,6,0,0
153,7/30/2016,bench,Wendler2,190,3,220,3,245,3,0,0
154,7/31/2016,"low squat",Wendler1,205,3,235,3,265,3,0,0
155,8/1/2016,overhead,Wendler4,115,3,130,3,145,3,0,0
156,8/2/2016,deadlift,Wendler3,205,3,235,3,265,5,0,0
157,8/4/2016,bench,Wendler2,205,5,230,3,255,1,0,0
158,8/5/2016,"low squat",Wendler1,225,2,225,1,225,1,0,0
159,8/6/2016,overhead,Wendler4,120,5,140,3,155,1,0,0
160,8/7/2016,deadlift,Wendler3,225,5,250,3,280,6,0,0
161,8/8/2016,"low squat",Wendler1,135,5,145,5,175,5,0,0
162,8/8/2016,bench,Wendler2,115,5,135,5,165,5,0,0
163,8/12/2016,deadlift,Wendler3,115,5,145,5,175,5,0,0
164,8/12/2016,overhead,Wendler4,65,5,80,5,95,5,0,0
165,8/15/2016,"low squat",Wendler1,180,5,205,5,235,5,0,0
166,8/15/2016,bench,Wendler2,175,5,200,5,225,4,0,0
167,8/19/2016,deadlift,Wendler3,200,5,235,5,265,6,0,0
168,8/19/2016,overhead,Wendler4,105,5,120,5,140,5,0,0
169,8/22/2016,"low squat",Wendler1,190,3,220,3,245,4,0,0
170,8/22/2016,bench,Wendler2,185,3,210,3,240,3,0,0
171,8/26/2016,deadlift,Wendler3,215,3,250,3,280,1,0,0
172,8/26/2016,overhead,Wendler4,115,3,130,3,145,1,0,0
173,8/29/2016,"low squat",Wendler1,205,5,230,3,255,1,0,0
174,8/29/2016,bench,Wendler2,200,5,225,3,250,0,0,0
175,9/1/2016,deadlift,Wendler1,235,5,265,3,295,2,0,0
176,9/1/2016,overhead,Wendler2,120,5,140,2,155,0,0,0
177,9/5/2016,"low squat",Wendler3,115,5,135,5,165,0,0,0
178,9/5/2016,bench,Wendler4,105,5,135,5,160,0,0,0
179,9/9/2016,deadlift,Wendler1,125,5,155,5,185,0,0,0
180,9/9/2016,overhead,Wendler2,65,5,80,5,95,0,0,0
181,9/12/2016,"low squat",Wendler3,165,5,190,5,220,4,0,0
182,9/12/2016,bench,Wendler4,175,5,200,5,225,5,0,0
183,9/16/2016,deadlift,Wendler1,0,0,0,0,0,0,0,0
184,9/16/2016,overhead,Wendler2,0,0,0,0,0,0,0,0
185,9/19/2016,"low squat",Wendler3,0,0,0,0,0,0,0,0
186,9/19/2016,bench,Wendler4,0,0,0,0,0,0,0,0
187,9/23/2016,deadlift,Wendler1,0,0,0,0,0,0,0,0
188,9/23/2016,overhead,Wendler2,0,0,0,0,0,0,0,0
189,9/26/2016,"low squat",Wendler3,0,0,0,0,0,0,0,0
190,9/26/2016,bench,Wendler4,0,0,0,0,0,0,0,0
191,9/30/2016,deadlift,Wendler1,0,0,0,0,0,0,0,0
192,9/30/2016,overhead,Wendler2,0,0,0,0,0,0,0,0
193,10/3/2016,"low squat",Wendler3,0,0,0,0,0,0,0,0
194,10/3/2016,bench,Wendler4,0,0,0,0,0,0,0,0
195,10/7/2016,deadlift,Wendler1,0,0,0,0,0,0,0,0
196,10/7/2016,overhead,Wendler2,0,0,0,0,0,0,0,0
197,10/10/2016,"low squat",Wendler3,0,0,0,0,0,0,0,0
198,10/10/2016,bench,Wendler4,0,0,0,0,0,0,0,0
199,10/14/2016,deadlift,Wendler1,135,1,135,1,135,1,0,0
200,10/14/2016,overhead,Wendler2,100,5,115,5,130,3,0,0
201,10/17/2016,"low squat",Wendler3,175,2,175,1,225,1,0,0
202,10/17/2016,bench,Wendler4,160,5,185,6,210,3,0,0
203,10/21/2016,deadlift,Wendler1,205,3,235,3,265,3,0,0
204,10/21/2016,overhead,Wendler2,100,5,115,2,115,2,0,0
205,10/24/2016,"low squat",Wendler3,0,0,0,0,0,0,0,0
206,10/24/2016,bench,Wendler4,160,3,185,3,205,4,0,0
207,10/28/2016,deadlift,Wendler1,225,5,250,3,280,2,0,0
208,10/28/2016,overhead,Wendler2,90,5,100,3,110,5,0,0
209,10/31/2016,"low squat",Wendler3,0,0,0,0,0,0,0,0
210,10/31/2016,bench,Wendler4,170,5,195,3,225,2,0,0
211,11/4/2016,deadlift,Wendler1,225,5,250,3,280,2,0,0
212,11/4/2016,overhead,Wendler2,90,5,100,3,110,5,0,0
213,11/7/2016,"low squat",Wendler3,0,0,0,0,0,0,0,0
214,11/7/2016,bench,Wendler4,170,5,195,3,225,2,0,0
215,5/10/2015,bench,initialFourSet,185,7,185,7,185,7,0,0
216,5/22/2015,bench,initialFourSet,185,7,185,8,185,7,0,0
217,6/7/2015,bench,initialFourSet,185,8,185,8,185,7,0,0
218,6/15/2015,bench,initialFourSet,185,8,185,6,185,5,0,0
219,6/22/2015,bench,initialFourSet,185,5,185,5,135,8,0,0
220,6/29/2015,bench,initialFourSet,185,7,185,7,185,7,0,0
221,7/6/2015,bench,initialFourSet,185,7,185,6,185,4,0,0
222,7/13/2015,bench,initialFourSet,185,6,185,6,185,6,0,0
223,7/26/2015,bench,initialFourSet,185,7,185,6,185,6,0,0
224,8/2/2015,bench,initialFourSet,185,7,185,7,185,6,0,0
225,8/9/2015,bench,initialFourSet,185,7,185,7,185,7,0,0
226,8/16/2015,bench,initialFourSet,185,5,185,7,185,7,0,0
227,8/23/2015,bench,initialFourSet,185,6,185,4,165,6,165,5
228,8/30/2015,bench,initialFourSet,185,7,185,7,165,8,165,8
229,9/6/2015,bench,initialFourSet,185,8,185,8,185,6,165,7
230,9/13/2015,bench,initialFourSet,205,7,205,4,185,6,185,6
231,9/20/2015,bench,initialFourSet,185,8,205,6,205,6,185,4
232,9/27/2015,bench,initialFourSet,185,7,205,7,205,4,185,7
233,10/4/2015,bench,initialFourSet,185,7,205,8,205,4,185,5
234,10/11/2015,bench,initialFourSet,185,7,225,5,205,6,185,7
235,10/18/2015,bench,initialFourSet,225,5,205,5,205,4,185,7
236,10/25/2015,bench,initialFourSet,225,5,205,6,205,5,185,5
237,11/1/2015,bench,initialFourSet,225,4,205,7,205,5,185,6
238,11/2/2015,"low squat",initialFourSet,75,10,95,10,95,10,0,0
239,11/5/2015,deadlift,initialFourSet,155,8,165,8,175,8,0,0
240,11/8/2015,bench,initialFourSet,205,6,225,4,225,3,195,9
241,11/9/2015,"low squat",initialFourSet,95,10,105,10,115,10,0,0
242,11/12/2015,deadlift,initialFourSet,175,8,195,8,195,8,0,0
243,11/15/2015,bench,initialFourSet,225,6,205,7,205,3,195,5
244,11/16/2015,"low squat",initialFourSet,115,10,125,10,135,10,0,0
245,11/19/2015,deadlift,initialFourSet,195,8,205,8,215,8,0,0
246,11/22/2015,bench,initialFourSet,225,6,215,5,215,4,195,5
247,11/23/2015,"low squat",initialFourSet,135,10,145,10,145,10,0,0
248,11/26/2015,deadlift,initialFourSet,225,8,225,8,235,6,0,0
249,11/29/2015,bench,initialFourSet,225,4,215,3,215,5,205,4
250,11/30/2015,"low squat",initialFourSet,155,8,165,8,165,5,155,8
251,12/3/2015,deadlift,initialFourSet,245,8,0,0,0,0,0,0
252,12/6/2015,bench,initialFourSet,225,6,215,5,215,4,205,5
253,12/7/2015,"low squat",initialFourSet,165,8,165,8,165,8,175,8
254,12/10/2015,deadlift,initialFourSet,265,7,0,0,0,0,0,0
255,12/13/2015,bench,initialFourSet,230,4,215,5,215,5,205,6
256,12/14/2015,"low squat",initialFourSet,165,8,175,8,175,8,175,8
257,12/17/2015,deadlift,initialFourSet,285,5,0,0,0,0,0,0
258,12/20/2015,bench,initialFourSet,230,6,215,5,215,5,205,6
259,12/21/2015,"low squat",initialFourSet,175,8,175,8,185,8,185,10
260,12/24/2015,deadlift,initialFourSet,300,3,0,0,0,0,0,0
261,12/27/2015,bench,initialFourSet,240,5,215,5,215,6,205,5
262,12/28/2015,"low squat",initialFourSet,185,8,195,8,195,8,205,8
263,12/31/2015,deadlift,initialFourSet,300,4,0,0,0,0,0,0
264,1/3/2016,bench,initialFourSet,240,3,225,4,215,6,215,5
265,1/4/2016,"low squat",initialFourSet,205,6,215,6,215,6,215,6
266,1/7/2016,deadlift,initialFourSet,300,5,225,3,225,5,225,5
267,1/10/2016,bench,initialFourSet,240,3,225,5,225,4,225,3
268,1/11/2016,"low squat",initialFourSet,215,6,215,6,215,6,225,6
269,1/14/2016,deadlift,initialFourSet,315,2,275,3,275,4,275,5
270,1/17/2016,bench,initialFourSet,240,4,225,5,225,4,225,4
271,1/18/2016,"low squat",initialFourSet,225,6,225,6,225,6,225,6
272,1/21/2016,deadlift,initialFourSet,315,3,275,5,295,3,275,4
273,1/24/2016,bench,initialFourSet,240,5,225,5,225,4,225,5
274,1/25/2016,"low squat",initialFourSet,225,4,225,5,225,5,225,3
275,1/29/2016,deadlift,initialFourSet,315,3,295,4,295,3,275,5
276,1/31/2016,bench,initialFourSet,245,5,245,4,245,3,225,2
277,2/1/2016,"low squat",initialFourSet,225,5,225,5,225,5,225,3
278,2/4/2016,deadlift,initialFourSet,315,4,315,2,275,5,275,5
279,2/7/2016,bench,initialFourSet,245,5,245,2,245,3,225,5
280,2/8/2016,"low squat",initialFourSet,225,5,225,5,225,6,225,6
281,2/11/2016,deadlift,initialFourSet,315,2,315,2,295,2,295,1
282,2/14/2016,bench,initialFourSet,250,5,245,4,245,3,225,5
283,2/15/2016,"low squat",initialFourSet,235,5,235,5,235,5,235,5
284,2/18/2016,deadlift,initialFourSet,315,5,315,3,295,3,275,5
285,2/21/2016,bench,initialFourSet,250,5,250,3,250,3,225,4
286,2/22/2016,"low squat",initialFourSet,245,5,245,5,245,5,245,5
287,2/25/2016,deadlift,initialFourSet,325,3,315,2,315,1,295,1
288,2/28/2016,bench,initialFourSet,225,5,145,8,145,10,145,8
289,2/29/2016,"low squat",initialFourSet,225,6,145,11,145,9,145,9
290,3/3/2016,deadlift,initialFourSet,325,4,315,3,315,2,275,5
291,3/6/2016,bench,initialFourSet,255,2,225,7,225,4,225,3
292,3/7/2016,"low squat",initialFourSet,250,5,250,5,250,5,250,5
293,3/10/2016,deadlift,initialFourSet,325,5,315,3,315,3,295,5
294,3/13/2016,bench,initialFourSet,255,3,235,5,235,4,225,2
295,3/14/2016,"low squat",initialFourSet,260,5,260,5,260,5,260,5
296,3/17/2016,deadlift,initialFourSet,345,3,315,2,225,5,225,5
297,3/20/2016,bench,initialFourSet,245,5,235,5,235,5,235,3
298,3/21/2016,"low squat",initialFourSet,255,5,275,5,265,5,265,5
299,3/24/2016,deadlift,initialFourSet,335,5,315,5,315,4,295,5
300,3/26/2016,bench,initialFourSet,255,3,245,4,235,5,235,4
301,3/28/2016,"low squat",initialFourSet,270,5,270,5,275,5,270,5
302,3/31/2016,deadlift,initialFourSet,345,3,315,5,315,5,315,5
303,4/3/2016,bench,initialFourSet,255,3,245,4,235,3,225,2
304,4/4/2016,"low squat",initialFourSet,275,5,275,5,275,5,275,5
305,4/7/2016,deadlift,initialFourSet,345,5,335,3,325,5,315,4
306,4/10/2016,bench,initialFourSet,255,4,245,4,235,4,225,4
307,4/11/2016,"low squat",initialFourSet,285,5,275,5,275,5,275,5
308,4/14/2016,deadlift,initialFourSet,355,5,335,3,325,5,315,5
309,4/17/2016,bench,initialFourSet,255,5,245,5,235,5,235,4
310,4/18/2016,"low squat",initialFourSet,295,5,295,5,295,5,295,5
311,4/21/2016,deadlift,initialFourSet,355,5,335,4,325,5,315,5
312,4/24/2016,bench,initialFourSet,260,4,245,5,245,4,235,2
313,4/25/2016,"low squat",initialFourSet,315,5,295,5,295,5,295,5
314,4/29/2016,deadlift,initialFourSet,355,5,335,5,325,5,315,5
315,5/1/2016,bench,initialFourSet,165,5,190,5,220,8,0,0
316,5/2/2016,"low squat",initialFourSet,210,5,240,5,270,9,0,0
317,5/4/2016,overhead,Wendler4,90,5,100,5,115,10,0,0
318,5/5/2016,deadlift,Wendler3,235,5,270,5,305,8,0,0
319,5/8/2016,bench,Wendler2,180,3,205,3,230,8,0,0
320,5/9/2016,"low squat",Wendler1,210,3,240,3,290,7,0,0
321,5/11/2016,overhead,Wendler4,95,3,110,3,120,8,0,0
322,5/12/2016,deadlift,Wendler3,250,3,280,3,325,5,0,0
323,5/15/2016,bench,Wendler2,190,5,220,3,245,3,0,0
324,5/16/2016,"low squat",Wendler1,240,5,270,3,305,6,0,0
325,5/18/2016,overhead,Wendler4,100,5,115,3,130,6,0,0
326,5/19/2016,deadlift,Wendler3,270,5,305,3,340,3,0,0
327,5/21/2016,bench,Wendler2,105,5,130,5,155,5,0,0
328,5/23/2016,"low squat",Wendler1,130,5,160,5,190,5,0,0
329,5/25/2016,overhead,Wendler4,55,5,70,5,80,5,0,0
330,5/26/2016,deadlift,Wendler3,145,5,180,5,215,5,0,0
331,5/29/2016,bench,Wendler2,175,5,200,5,225,6,0,0
332,5/30/2016,"low squat",Wendler1,220,5,255,5,285,6,0,0
333,6/1/2016,overhead,Wendler4,95,5,110,5,120,8,0,0
334,6/2/2016,deadlift,Wendler3,245,5,285,5,320,6,0,0
335,6/5/2016,bench,Wendler2,185,3,210,3,240,5,0,0
336,6/6/2016,"low squat",Wendler1,285,3,225,3,305,3,0,0
337,6/8/2016,overhead,Wendler4,100,3,115,3,130,6,0,0
338,6/9/2016,deadlift,Wendler3,265,3,300,3,340,4,0,0
339,6/12/2016,bench,Wendler2,200,5,225,3,250,4,0,0
340,6/13/2016,"low squat",Wendler1,255,5,285,3,320,2,0,0
341,6/15/2016,overhead,Wendler4,110,5,120,3,135,4,0,0
342,6/16/2016,deadlift,Wendler3,285,5,320,3,360,1,0,0
343,6/19/2016,bench,Wendler2,105,5,135,5,160,5,0,0
344,6/20/2016,"low squat",Wendler1,135,5,170,5,205,5,0,0
345,6/22/2016,overhead,Wendler4,60,5,70,5,85,5,0,0
346,6/23/2016,deadlift,Wendler3,150,5,190,5,225,5,0,0
347,6/26/2016,bench,Wendler2,180,5,205,5,235,5,0,0
348,6/27/2016,"low squat",Wendler1,0,0,0,0,0,0,0,0
349,6/29/2016,overhead,Wendler4,105,5,120,5,140,4,0,0
350,6/30/2016,deadlift,Wendler3,255,5,295,5,335,3,0,0
351,7/3/2016,bench,Wendler2,190,3,220,3,245,1,0,0
352,7/4/2016,"low squat",Wendler1,0,0,0,0,0,0,0,0
353,7/6/2016,overhead,Wendler4,115,3,130,3,145,3,0,0
354,7/7/2016,deadlift,Wendler3,275,3,315,1,275,3,0,0
355,7/10/2016,bench,Wendler2,205,5,230,3,255,1,0,0
356,7/11/2016,"low squat",Wendler1,0,0,0,0,0,0,0,0
357,7/13/2016,overhead,Wendler4,120,5,140,3,155,1,0,0
358,7/14/2016,deadlift,Wendler3,275,5,315,2,315,0,0,0
359,7/16/2016,bench,Wendler2,115,5,135,5,165,5,0,0
360,7/17/2016,"low squat",Wendler1,0,0,0,0,0,0,0,0
361,7/18/2016,overhead,Wendler4,65,5,80,5,95,5,0,0
362,7/20/2016,deadlift,Wendler3,135,5,145,5,175,5,0,0
363,7/23/2016,bench,Wendler2,180,5,205,5,235,4,0,0
364,7/25/2016,"low squat",Wendler1,190,5,225,5,250,4,0,0
365,7/27/2016,overhead,Wendler4,105,5,120,5,140,4,0,0
366,7/28/2016,deadlift,Wendler3,190,5,225,5,250,6,0,0
367,7/30/2016,bench,Wendler2,190,3,220,3,245,3,0,0
368,7/31/2016,"low squat",Wendler1,205,3,235,3,265,3,0,0
369,8/1/2016,overhead,Wendler4,115,3,130,3,145,3,0,0
370,8/2/2016,deadlift,Wendler3,205,3,235,3,265,5,0,0
371,8/4/2016,bench,Wendler2,205,5,230,3,255,1,0,0
372,8/5/2016,"low squat",Wendler1,225,2,225,1,225,1,0,0
373,8/6/2016,overhead,Wendler4,120,5,140,3,155,1,0,0
374,8/7/2016,deadlift,Wendler3,225,5,250,3,280,6,0,0
375,8/8/2016,"low squat",Wendler1,135,5,145,5,175,5,0,0
376,8/8/2016,bench,Wendler2,115,5,135,5,165,5,0,0
377,8/12/2016,deadlift,Wendler3,115,5,145,5,175,5,0,0
378,8/12/2016,overhead,Wendler4,65,5,80,5,95,5,0,0
379,8/15/2016,"low squat",Wendler1,180,5,205,5,235,5,0,0
380,8/15/2016,bench,Wendler2,175,5,200,5,225,4,0,0
381,8/19/2016,deadlift,Wendler3,200,5,235,5,265,6,0,0
382,8/19/2016,overhead,Wendler4,105,5,120,5,140,5,0,0
383,8/22/2016,"low squat",Wendler1,190,3,220,3,245,4,0,0
384,8/22/2016,bench,Wendler2,185,3,210,3,240,3,0,0
385,8/26/2016,deadlift,Wendler3,215,3,250,3,280,1,0,0
386,8/26/2016,overhead,Wendler4,115,3,130,3,145,1,0,0
387,8/29/2016,"low squat",Wendler1,205,5,230,3,255,1,0,0
388,8/29/2016,bench,Wendler2,200,5,225,3,250,0,0,0
389,9/1/2016,deadlift,Wendler1,235,5,265,3,295,2,0,0
390,9/1/2016,overhead,Wendler2,120,5,140,2,155,0,0,0
391,9/5/2016,"low squat",Wendler3,115,5,135,5,165,0,0,0
392,9/5/2016,bench,Wendler4,105,5,135,5,160,0,0,0
393,9/9/2016,deadlift,Wendler1,125,5,155,5,185,0,0,0
394,9/9/2016,overhead,Wendler2,65,5,80,5,95,0,0,0
395,9/12/2016,"low squat",Wendler3,165,5,190,5,220,4,0,0
396,9/12/2016,bench,Wendler4,175,5,200,5,225,5,0,0
397,9/16/2016,deadlift,Wendler1,0,0,0,0,0,0,0,0
398,9/16/2016,overhead,Wendler2,0,0,0,0,0,0,0,0
399,9/19/2016,"low squat",Wendler3,0,0,0,0,0,0,0,0
400,9/19/2016,bench,Wendler4,0,0,0,0,0,0,0,0
401,9/23/2016,deadlift,Wendler1,0,0,0,0,0,0,0,0
402,9/23/2016,overhead,Wendler2,0,0,0,0,0,0,0,0
403,9/26/2016,"low squat",Wendler3,0,0,0,0,0,0,0,0
404,9/26/2016,bench,Wendler4,0,0,0,0,0,0,0,0
405,9/30/2016,deadlift,Wendler1,0,0,0,0,0,0,0,0
406,9/30/2016,overhead,Wendler2,0,0,0,0,0,0,0,0
407,10/3/2016,"low squat",Wendler3,0,0,0,0,0,0,0,0
408,10/3/2016,bench,Wendler4,0,0,0,0,0,0,0,0
409,10/7/2016,deadlift,Wendler1,0,0,0,0,0,0,0,0
410,10/7/2016,overhead,Wendler2,0,0,0,0,0,0,0,0
411,10/10/2016,"low squat",Wendler3,0,0,0,0,0,0,0,0
412,10/10/2016,bench,Wendler4,0,0,0,0,0,0,0,0
413,10/14/2016,deadlift,Wendler1,135,1,135,1,135,1,0,0
414,10/14/2016,overhead,Wendler2,100,5,115,5,130,3,0,0
415,10/17/2016,"low squat",Wendler3,175,2,175,1,225,1,0,0
416,10/17/2016,bench,Wendler4,160,5,185,6,210,3,0,0
417,10/21/2016,deadlift,Wendler1,205,3,235,3,265,3,0,0
418,10/21/2016,overhead,Wendler2,100,5,115,2,115,2,0,0
419,10/24/2016,"low squat",Wendler3,0,0,0,0,0,0,0,0
420,10/24/2016,bench,Wendler4,160,3,185,3,205,4,0,0
421,10/28/2016,deadlift,Wendler1,225,5,250,3,280,2,0,0
422,10/28/2016,overhead,Wendler2,90,5,100,3,110,5,0,0
423,10/31/2016,"low squat",Wendler3,0,0,0,0,0,0,0,0
424,10/31/2016,bench,Wendler4,170,5,195,3,225,2,0,0
425,11/4/2016,deadlift,Wendler1,225,5,250,3,280,2,0,0
426,11/4/2016,overhead,Wendler2,90,5,100,3,110,5,0,0
427,11/7/2016,"low squat",Wendler3,0,0,0,0,0,0,0,0
428,11/7/2016,bench,Wendler4,170,5,195,3,225,2,0,0
429,11/11/2016,deadlift,Wendler1,200,5,235,4,235,4,0,0
430,11/11/2016,overhead,Wendler1,80,5,95,5,105,5,0,0
431,11/14/2016,deadlift,Wendler1,0,0,0,0,0,0,0,0
432,11/14/2016,overhead,Wendler2,80,5,95,5,105,5,0,0
433,11/18/2016,"low squat",Wendler3,175,3,175,4,175,5,0,0
434,11/18/2016,bench,Wendler4,155,5,180,5,205,3,0,0
435,11/21/2016,deadlift,Wendler1,215,3,250,3,280,2,0,0
436,11/21/2016,overhead,Wendler2,90,5,100,3,115,6,0,0
437,11/25/2016,"low squat",Wendler3,165,3,190,3,135,1,0,0
438,11/25/2016,bench,Wendler4,165,3,190,3,215,3,0,0
439,11/28/2016,deadlift,Wendler1,235,3,265,1,265,1,0,0
440,11/28/2016,overhead,Wendler2,95,5,105,3,120,5,0,0
441,12/2/2016,"low squat",Wendler3,160,3,135,5,135,1,0,0
442,12/2/2016,bench,Wendler4,180,5,190,3,225,1,0,0
443,12/5/2016,deadlift,Wendler1,0,0,0,0,0,0,0,0
444,12/5/2016,overhead,Wendler2,0,0,0,0,0,0,0,0
445,12/9/2016,"low squat",Wendler3,0,0,0,0,0,0,0,0
446,12/9/2016,bench,Wendler4,0,0,0,0,0,0,0,0
447,5/10/2015,bench,initialFourSet,185,7,185,7,185,7,0,0
448,5/22/2015,bench,initialFourSet,185,7,185,8,185,7,0,0
449,6/7/2015,bench,initialFourSet,185,8,185,8,185,7,0,0
450,6/15/2015,bench,initialFourSet,185,8,185,6,185,5,0,0
451,6/22/2015,bench,initialFourSet,185,5,185,5,135,8,0,0
452,6/29/2015,bench,initialFourSet,185,7,185,7,185,7,0,0
453,7/6/2015,bench,initialFourSet,185,7,185,6,185,4,0,0
454,7/13/2015,bench,initialFourSet,185,6,185,6,185,6,0,0
455,7/26/2015,bench,initialFourSet,185,7,185,6,185,6,0,0
456,8/2/2015,bench,initialFourSet,185,7,185,7,185,6,0,0
457,8/9/2015,bench,initialFourSet,185,7,185,7,185,7,0,0
458,8/16/2015,bench,initialFourSet,185,5,185,7,185,7,0,0
459,8/23/2015,bench,initialFourSet,185,6,185,4,165,6,165,5
460,8/30/2015,bench,initialFourSet,185,7,185,7,165,8,165,8
461,9/6/2015,bench,initialFourSet,185,8,185,8,185,6,165,7
462,9/13/2015,bench,initialFourSet,205,7,205,4,185,6,185,6
463,9/20/2015,bench,initialFourSet,185,8,205,6,205,6,185,4
464,9/27/2015,bench,initialFourSet,185,7,205,7,205,4,185,7
465,10/4/2015,bench,initialFourSet,185,7,205,8,205,4,185,5
466,10/11/2015,bench,initialFourSet,185,7,225,5,205,6,185,7
467,10/18/2015,bench,initialFourSet,225,5,205,5,205,4,185,7
468,10/25/2015,bench,initialFourSet,225,5,205,6,205,5,185,5
469,11/1/2015,bench,initialFourSet,225,4,205,7,205,5,185,6
470,11/2/2015,"low squat",initialFourSet,75,10,95,10,95,10,0,0
471,11/5/2015,deadlift,initialFourSet,155,8,165,8,175,8,0,0
472,11/8/2015,bench,initialFourSet,205,6,225,4,225,3,195,9
473,11/9/2015,"low squat",initialFourSet,95,10,105,10,115,10,0,0
474,11/12/2015,deadlift,initialFourSet,175,8,195,8,195,8,0,0
475,11/15/2015,bench,initialFourSet,225,6,205,7,205,3,195,5
476,11/16/2015,"low squat",initialFourSet,115,10,125,10,135,10,0,0
477,11/19/2015,deadlift,initialFourSet,195,8,205,8,215,8,0,0
478,11/22/2015,bench,initialFourSet,225,6,215,5,215,4,195,5
479,11/23/2015,"low squat",initialFourSet,135,10,145,10,145,10,0,0
480,11/26/2015,deadlift,initialFourSet,225,8,225,8,235,6,0,0
481,11/29/2015,bench,initialFourSet,225,4,215,3,215,5,205,4
482,11/30/2015,"low squat",initialFourSet,155,8,165,8,165,5,155,8
483,12/3/2015,deadlift,initialFourSet,245,8,0,0,0,0,0,0
484,12/6/2015,bench,initialFourSet,225,6,215,5,215,4,205,5
485,12/7/2015,"low squat",initialFourSet,165,8,165,8,165,8,175,8
486,12/10/2015,deadlift,initialFourSet,265,7,0,0,0,0,0,0
487,12/13/2015,bench,initialFourSet,230,4,215,5,215,5,205,6
488,12/14/2015,"low squat",initialFourSet,165,8,175,8,175,8,175,8
489,12/17/2015,deadlift,initialFourSet,285,5,0,0,0,0,0,0
490,12/20/2015,bench,initialFourSet,230,6,215,5,215,5,205,6
491,12/21/2015,"low squat",initialFourSet,175,8,175,8,185,8,185,10
492,12/24/2015,deadlift,initialFourSet,300,3,0,0,0,0,0,0
493,12/27/2015,bench,initialFourSet,240,5,215,5,215,6,205,5
494,12/28/2015,"low squat",initialFourSet,185,8,195,8,195,8,205,8
495,12/31/2015,deadlift,initialFourSet,300,4,0,0,0,0,0,0
496,1/3/2016,bench,initialFourSet,240,3,225,4,215,6,215,5
497,1/4/2016,"low squat",initialFourSet,205,6,215,6,215,6,215,6
498,1/7/2016,deadlift,initialFourSet,300,5,225,3,225,5,225,5
499,1/10/2016,bench,initialFourSet,240,3,225,5,225,4,225,3
500,1/11/2016,"low squat",initialFourSet,215,6,215,6,215,6,225,6
501,1/14/2016,deadlift,initialFourSet,315,2,275,3,275,4,275,5
502,1/17/2016,bench,initialFourSet,240,4,225,5,225,4,225,4
503,1/18/2016,"low squat",initialFourSet,225,6,225,6,225,6,225,6
504,1/21/2016,deadlift,initialFourSet,315,3,275,5,295,3,275,4
505,1/24/2016,bench,initialFourSet,240,5,225,5,225,4,225,5
506,1/25/2016,"low squat",initialFourSet,225,4,225,5,225,5,225,3
507,1/29/2016,deadlift,initialFourSet,315,3,295,4,295,3,275,5
508,1/31/2016,bench,initialFourSet,245,5,245,4,245,3,225,2
509,2/1/2016,"low squat",initialFourSet,225,5,225,5,225,5,225,3
510,2/4/2016,deadlift,initialFourSet,315,4,315,2,275,5,275,5
511,2/7/2016,bench,initialFourSet,245,5,245,2,245,3,225,5
512,2/8/2016,"low squat",initialFourSet,225,5,225,5,225,6,225,6
513,2/11/2016,deadlift,initialFourSet,315,2,315,2,295,2,295,1
514,2/14/2016,bench,initialFourSet,250,5,245,4,245,3,225,5
515,2/15/2016,"low squat",initialFourSet,235,5,235,5,235,5,235,5
516,2/18/2016,deadlift,initialFourSet,315,5,315,3,295,3,275,5
517,2/21/2016,bench,initialFourSet,250,5,250,3,250,3,225,4
518,2/22/2016,"low squat",initialFourSet,245,5,245,5,245,5,245,5
519,2/25/2016,deadlift,initialFourSet,325,3,315,2,315,1,295,1
520,2/28/2016,bench,initialFourSet,225,5,145,8,145,10,145,8
521,2/29/2016,"low squat",initialFourSet,225,6,145,11,145,9,145,9
522,3/3/2016,deadlift,initialFourSet,325,4,315,3,315,2,275,5
523,3/6/2016,bench,initialFourSet,255,2,225,7,225,4,225,3
524,3/7/2016,"low squat",initialFourSet,250,5,250,5,250,5,250,5
525,3/10/2016,deadlift,initialFourSet,325,5,315,3,315,3,295,5
526,3/13/2016,bench,initialFourSet,255,3,235,5,235,4,225,2
527,3/14/2016,"low squat",initialFourSet,260,5,260,5,260,5,260,5
528,3/17/2016,deadlift,initialFourSet,345,3,315,2,225,5,225,5
529,3/20/2016,bench,initialFourSet,245,5,235,5,235,5,235,3
530,3/21/2016,"low squat",initialFourSet,255,5,275,5,265,5,265,5
531,3/24/2016,deadlift,initialFourSet,335,5,315,5,315,4,295,5
532,3/26/2016,bench,initialFourSet,255,3,245,4,235,5,235,4
533,3/28/2016,"low squat",initialFourSet,270,5,270,5,275,5,270,5
534,3/31/2016,deadlift,initialFourSet,345,3,315,5,315,5,315,5
535,4/3/2016,bench,initialFourSet,255,3,245,4,235,3,225,2
536,4/4/2016,"low squat",initialFourSet,275,5,275,5,275,5,275,5
537,4/7/2016,deadlift,initialFourSet,345,5,335,3,325,5,315,4
538,4/10/2016,bench,initialFourSet,255,4,245,4,235,4,225,4
539,4/11/2016,"low squat",initialFourSet,285,5,275,5,275,5,275,5
540,4/14/2016,deadlift,initialFourSet,355,5,335,3,325,5,315,5
541,4/17/2016,bench,initialFourSet,255,5,245,5,235,5,235,4
542,4/18/2016,"low squat",initialFourSet,295,5,295,5,295,5,295,5
543,4/21/2016,deadlift,initialFourSet,355,5,335,4,325,5,315,5
544,4/24/2016,bench,initialFourSet,260,4,245,5,245,4,235,2
545,4/25/2016,"low squat",initialFourSet,315,5,295,5,295,5,295,5
546,4/29/2016,deadlift,initialFourSet,355,5,335,5,325,5,315,5
547,5/1/2016,bench,initialFourSet,165,5,190,5,220,8,0,0
548,5/2/2016,"low squat",initialFourSet,210,5,240,5,270,9,0,0
549,5/4/2016,overhead,Wendler4,90,5,100,5,115,10,0,0
550,5/5/2016,deadlift,Wendler3,235,5,270,5,305,8,0,0
551,5/8/2016,bench,Wendler2,180,3,205,3,230,8,0,0
552,5/9/2016,"low squat",Wendler1,210,3,240,3,290,7,0,0
553,5/11/2016,overhead,Wendler4,95,3,110,3,120,8,0,0
554,5/12/2016,deadlift,Wendler3,250,3,280,3,325,5,0,0
555,5/15/2016,bench,Wendler2,190,5,220,3,245,3,0,0
556,5/16/2016,"low squat",Wendler1,240,5,270,3,305,6,0,0
557,5/18/2016,overhead,Wendler4,100,5,115,3,130,6,0,0
558,5/19/2016,deadlift,Wendler3,270,5,305,3,340,3,0,0
559,5/21/2016,bench,Wendler2,105,5,130,5,155,5,0,0
560,5/23/2016,"low squat",Wendler1,130,5,160,5,190,5,0,0
561,5/25/2016,overhead,Wendler4,55,5,70,5,80,5,0,0
562,5/26/2016,deadlift,Wendler3,145,5,180,5,215,5,0,0
563,5/29/2016,bench,Wendler2,175,5,200,5,225,6,0,0
564,5/30/2016,"low squat",Wendler1,220,5,255,5,285,6,0,0
565,6/1/2016,overhead,Wendler4,95,5,110,5,120,8,0,0
566,6/2/2016,deadlift,Wendler3,245,5,285,5,320,6,0,0
567,6/5/2016,bench,Wendler2,185,3,210,3,240,5,0,0
568,6/6/2016,"low squat",Wendler1,285,3,225,3,305,3,0,0
569,6/8/2016,overhead,Wendler4,100,3,115,3,130,6,0,0
570,6/9/2016,deadlift,Wendler3,265,3,300,3,340,4,0,0
571,6/12/2016,bench,Wendler2,200,5,225,3,250,4,0,0
572,6/13/2016,"low squat",Wendler1,255,5,285,3,320,2,0,0
573,6/15/2016,overhead,Wendler4,110,5,120,3,135,4,0,0
574,6/16/2016,deadlift,Wendler3,285,5,320,3,360,1,0,0
575,6/19/2016,bench,Wendler2,105,5,135,5,160,5,0,0
576,6/20/2016,"low squat",Wendler1,135,5,170,5,205,5,0,0
577,6/22/2016,overhead,Wendler4,60,5,70,5,85,5,0,0
578,6/23/2016,deadlift,Wendler3,150,5,190,5,225,5,0,0
579,6/26/2016,bench,Wendler2,180,5,205,5,235,5,0,0
580,6/27/2016,"low squat",Wendler1,0,0,0,0,0,0,0,0
581,6/29/2016,overhead,Wendler4,105,5,120,5,140,4,0,0
582,6/30/2016,deadlift,Wendler3,255,5,295,5,335,3,0,0
583,7/3/2016,bench,Wendler2,190,3,220,3,245,1,0,0
584,7/4/2016,"low squat",Wendler1,0,0,0,0,0,0,0,0
585,7/6/2016,overhead,Wendler4,115,3,130,3,145,3,0,0
586,7/7/2016,deadlift,Wendler3,275,3,315,1,275,3,0,0
587,7/10/2016,bench,Wendler2,205,5,230,3,255,1,0,0
588,7/11/2016,"low squat",Wendler1,0,0,0,0,0,0,0,0
589,7/13/2016,overhead,Wendler4,120,5,140,3,155,1,0,0
590,7/14/2016,deadlift,Wendler3,275,5,315,2,315,0,0,0
591,7/16/2016,bench,Wendler2,115,5,135,5,165,5,0,0
592,7/17/2016,"low squat",Wendler1,0,0,0,0,0,0,0,0
593,7/18/2016,overhead,Wendler4,65,5,80,5,95,5,0,0
594,7/20/2016,deadlift,Wendler3,135,5,145,5,175,5,0,0
595,7/23/2016,bench,Wendler2,180,5,205,5,235,4,0,0
596,7/25/2016,"low squat",Wendler1,190,5,225,5,250,4,0,0
597,7/27/2016,overhead,Wendler4,105,5,120,5,140,4,0,0
598,7/28/2016,deadlift,Wendler3,190,5,225,5,250,6,0,0
599,7/30/2016,bench,Wendler2,190,3,220,3,245,3,0,0
600,7/31/2016,"low squat",Wendler1,205,3,235,3,265,3,0,0
601,8/1/2016,overhead,Wendler4,115,3,130,3,145,3,0,0
602,8/2/2016,deadlift,Wendler3,205,3,235,3,265,5,0,0
603,8/4/2016,bench,Wendler2,205,5,230,3,255,1,0,0
604,8/5/2016,"low squat",Wendler1,225,2,225,1,225,1,0,0
605,8/6/2016,overhead,Wendler4,120,5,140,3,155,1,0,0
606,8/7/2016,deadlift,Wendler3,225,5,250,3,280,6,0,0
607,8/8/2016,"low squat",Wendler1,135,5,145,5,175,5,0,0
608,8/8/2016,bench,Wendler2,115,5,135,5,165,5,0,0
609,8/12/2016,deadlift,Wendler3,115,5,145,5,175,5,0,0
610,8/12/2016,overhead,Wendler4,65,5,80,5,95,5,0,0
611,8/15/2016,"low squat",Wendler1,180,5,205,5,235,5,0,0
612,8/15/2016,bench,Wendler2,175,5,200,5,225,4,0,0
613,8/19/2016,deadlift,Wendler3,200,5,235,5,265,6,0,0
614,8/19/2016,overhead,Wendler4,105,5,120,5,140,5,0,0
615,8/22/2016,"low squat",Wendler1,190,3,220,3,245,4,0,0
616,8/22/2016,bench,Wendler2,185,3,210,3,240,3,0,0
617,8/26/2016,deadlift,Wendler3,215,3,250,3,280,1,0,0
618,8/26/2016,overhead,Wendler4,115,3,130,3,145,1,0,0
619,8/29/2016,"low squat",Wendler1,205,5,230,3,255,1,0,0
620,8/29/2016,bench,Wendler2,200,5,225,3,250,0,0,0
621,9/1/2016,deadlift,Wendler1,235,5,265,3,295,2,0,0
622,9/1/2016,overhead,Wendler2,120,5,140,2,155,0,0,0
623,9/5/2016,"low squat",Wendler3,115,5,135,5,165,0,0,0
624,9/5/2016,bench,Wendler4,105,5,135,5,160,0,0,0
625,9/9/2016,deadlift,Wendler1,125,5,155,5,185,0,0,0
626,9/9/2016,overhead,Wendler2,65,5,80,5,95,0,0,0
627,9/12/2016,"low squat",Wendler3,165,5,190,5,220,4,0,0
628,9/12/2016,bench,Wendler4,175,5,200,5,225,5,0,0
629,9/16/2016,deadlift,Wendler1,0,0,0,0,0,0,0,0
630,9/16/2016,overhead,Wendler2,0,0,0,0,0,0,0,0
631,9/19/2016,"low squat",Wendler3,0,0,0,0,0,0,0,0
632,9/19/2016,bench,Wendler4,0,0,0,0,0,0,0,0
633,9/23/2016,deadlift,Wendler1,0,0,0,0,0,0,0,0
634,9/23/2016,overhead,Wendler2,0,0,0,0,0,0,0,0
635,9/26/2016,"low squat",Wendler3,0,0,0,0,0,0,0,0
636,9/26/2016,bench,Wendler4,0,0,0,0,0,0,0,0
637,9/30/2016,deadlift,Wendler1,0,0,0,0,0,0,0,0
638,9/30/2016,overhead,Wendler2,0,0,0,0,0,0,0,0
639,10/3/2016,"low squat",Wendler3,0,0,0,0,0,0,0,0
640,10/3/2016,bench,Wendler4,0,0,0,0,0,0,0,0
641,10/7/2016,deadlift,Wendler1,0,0,0,0,0,0,0,0
642,10/7/2016,overhead,Wendler2,0,0,0,0,0,0,0,0
643,10/10/2016,"low squat",Wendler3,0,0,0,0,0,0,0,0
644,10/10/2016,bench,Wendler4,0,0,0,0,0,0,0,0
645,10/14/2016,deadlift,Wendler1,135,1,135,1,135,1,0,0
646,10/14/2016,overhead,Wendler2,100,5,115,5,130,3,0,0
647,10/17/2016,"low squat",Wendler3,175,2,175,1,225,1,0,0
648,10/17/2016,bench,Wendler4,160,5,185,6,210,3,0,0
649,10/21/2016,deadlift,Wendler1,205,3,235,3,265,3,0,0
650,10/21/2016,overhead,Wendler2,100,5,115,2,115,2,0,0
651,10/24/2016,"low squat",Wendler3,0,0,0,0,0,0,0,0
652,10/24/2016,bench,Wendler4,160,3,185,3,205,4,0,0
653,10/28/2016,deadlift,Wendler1,225,5,250,3,280,2,0,0
654,10/28/2016,overhead,Wendler2,90,5,100,3,110,5,0,0
655,10/31/2016,"low squat",Wendler3,0,0,0,0,0,0,0,0
656,10/31/2016,bench,Wendler4,170,5,195,3,225,2,0,0
657,11/4/2016,deadlift,Wendler1,225,5,250,3,280,2,0,0
658,11/4/2016,overhead,Wendler2,90,5,100,3,110,5,0,0
659,11/7/2016,"low squat",Wendler3,0,0,0,0,0,0,0,0
660,11/7/2016,bench,Wendler4,170,5,195,3,225,2,0,0
661,11/11/2016,deadlift,Wendler1,200,5,235,4,235,4,0,0
662,11/11/2016,overhead,Wendler1,80,5,95,5,105,5,0,0
663,11/14/2016,deadlift,Wendler1,0,0,0,0,0,0,0,0
664,11/14/2016,overhead,Wendler2,80,5,95,5,105,5,0,0
665,11/18/2016,"low squat",Wendler3,175,3,175,4,175,5,0,0
666,11/18/2016,bench,Wendler4,155,5,180,5,205,3,0,0
667,11/21/2016,deadlift,Wendler1,215,3,250,3,280,2,0,0
668,11/21/2016,overhead,Wendler2,90,5,100,3,115,6,0,0
669,11/25/2016,"low squat",Wendler3,165,3,190,3,135,1,0,0
670,11/25/2016,bench,Wendler4,165,3,190,3,215,3,0,0
671,11/28/2016,deadlift,Wendler1,235,3,265,1,265,1,0,0
672,11/28/2016,overhead,Wendler2,95,5,105,3,120,5,0,0
673,12/2/2016,"low squat",Wendler3,160,3,135,5,135,1,0,0
674,12/2/2016,bench,Wendler4,180,5,190,3,225,1,0,0
675,12/5/2016,deadlift,Wendler1,0,0,0,0,0,0,0,0
676,12/5/2016,overhead,Wendler2,0,0,0,0,0,0,0,0
677,12/9/2016,"low squat",Wendler3,0,0,0,0,0,0,0,0
678,12/9/2016,bench,Wendler4,0,0,0,0,0,0,0,0
679,12/12/2016,bench,Wendler1,155,5,180,5,205,3,0,0
680,12/12/2016,"low squat",Wendler1,0,0,0,0,0,0,0,0
681,12/16/2016,deadlift,Wendler1,160,5,160,1,160,1,0,0
682,12/16/2016,overhead,Wendler1,90,5,105,5,120,3,0,0
683,12/19/2016,bench,Wendler2,165,3,190,3,215,1,0,0
684,12/19/2016,"low squat",Wendler2,0,0,0,0,0,0,0,0
685,12/22/2016,deadlift,Wendler2,140,3,160,3,180,5,0,0
686,12/22/2016,overhead,Wendler2,90,3,105,3,125,2,0,0
687,12/26/2016,bench,Wendler3,170,5,190,3,225,1,0,0
688,12/26/2016,"low squat",Wendler3,0,0,0,0,0,0,0,0
689,12/29/2016,deadlift,Wendler3,0,0,0,0,0,0,0,0
690,12/29/2016,overhead,Wendler3,100,5,110,3,125,2,0,0
691,1/1/2017,bench,Wendler4,0,0,0,0,0,0,0,0
692,1/1/2017,"low squat",Wendler4,0,0,0,0,0,0,0,0
693,1/4/2017,deadlift,Wendler4,0,0,0,0,0,0,0,0
694,1/4/2017,overhead,Wendler4,0,0,0,0,0,0,0,0
695,1/8/2017,bench,Wendler1,145,5,170,5,190,5,0,0
696,1/8/2017,"low squat",Wendler1,0,0,0,0,0,0,0,0
697,1/11/2017,deadlift,Wendler1,0,0,0,0,0,0,0,0
698,1/11/2017,overhead,Wendler1,90,5,105,5,120,5,0,0
699,1/16/2017,bench,Wendler2,160,3,180,3,205,3,0,0
700,1/16/2017,"low squat",Wendler2,115,3,130,3,145,3,0,0
701,1/19/2017,deadlift,Wendler2,140,3,160,3,180,3,0,0
702,1/19/2017,overhead,Wendler2,100,3,110,3,125,3,0,0
703,1/23/2017,bench,Wendler3,170,5,190,3,225,2,0,0
704,1/23/2017,"low squat",Wendler3,120,5,140,3,155,3,0,0
705,1/26/2017,deadlift,Wendler3,150,5,170,3,190,3,0,0
706,1/26/2017,overhead,Wendler3,105,5,120,3,135,1,0,0
707,1/29/2017,bench,Wendler4,0,0,0,0,0,0,0,0
708,1/29/2017,"low squat",Wendler4,0,0,0,0,0,0,0,0
709,2/1/2017,deadlift,Wendler4,0,0,0,0,0,0,0,0
710,2/1/2017,overhead,Wendler4,0,0,0,0,0,0,0,0
711,2/5/2017,bench,Wendler1,145,5,170,5,190,3,0,0
712,2/5/2017,"low squat",Wendler1,105,5,120,5,140,5,0,0
713,2/8/2017,deadlift,Wendler1,130,5,150,5,170,5,0,0
714,2/8/2017,overhead,Wendler1,90,5,105,5,120,1,0,0
715,2/12/2017,bench,Wendler2,165,3,185,3,210,3,0,0
716,2/12/2017,"low squat",Wendler2,125,3,145,3,160,4,0,0
717,2/15/2017,deadlift,Wendler2,155,3,175,3,200,4,0,0
718,2/15/2017,overhead,Wendler2,105,3,120,2,120,2,0,0
719,2/19/2017,bench,Wendler3,175,5,200,3,225,1,0,0
720,2/19/2017,"low squat",Wendler3,135,5,155,3,170,2,0,0
721,2/22/2017,deadlift,Wendler3,165,5,185,3,210,3,0,0
722,2/22/2017,overhead,Wendler3,110,5,125,2,125,1,0,0
723,2/26/2017,bench,Wendler4,0,0,0,0,0,0,0,0
724,2/26/2017,"low squat",Wendler4,0,0,0,0,0,0,0,0
725,3/1/2017,deadlift,Wendler4,0,0,0,0,0,0,0,0
726,3/1/2017,overhead,Wendler4,0,0,0,0,0,0,0,0
727,3/5/2017,bench,Wendler1,145,5,170,5,190,4,0,0
728,3/5/2017,"low squat",Wendler1,140,5,160,5,185,1,0,0
729,3/8/2017,deadlift,Wendler1,190,5,190,5,225,1,0,0
730,3/8/2017,overhead,Wendler1,90,5,105,5,120,2,0,0
731,3/12/2017,bench,Wendler2,160,3,180,3,205,3,0,0
732,3/12/2017,"low squat",Wendler2,150,3,175,3,195,2,0,0
733,3/14/2017,deadlift,Wendler2,180,3,205,3,230,3,0,0
734,3/14/2017,overhead,Wendler2,100,3,110,3,125,3,0,0
735,3/19/2017,bench,Wendler3,170,5,190,3,225,1,0,0
736,3/19/2017,"low squat",Wendler3,0,0,0,0,0,0,0,0
737,3/22/2017,deadlift,Wendler3,0,0,0,0,0,0,0,0
738,3/22/2017,overhead,Wendler3,105,5,120,3,135,1,0,0
739,3/26/2017,bench,Wendler4,0,0,0,0,0,0,0,0
740,3/26/2017,"low squat",Wendler4,0,0,0,0,0,0,0,0
741,3/29/2017,deadlift,Wendler4,0,0,0,0,0,0,0,0
742,3/29/2017,overhead,Wendler4,0,0,0,0,0,0,0,0
743,4/2/2017,bench,Wendler1,150,5,175,5,200,5,0,0
744,4/2/2017,"low squat",Wendler1,150,5,175,5,200,3,0,0
745,4/4/2017,deadlift,Wendler1,175,5,175,0,175,0,0,0
746,4/4/2017,overhead,Wendler1,95,5,110,5,120,5,0,0
747,4/10/2017,bench,Wendler2,165,3,185,3,210,1,0,0
748,4/10/2017,"low squat",Wendler2,165,3,185,3,210,1,0,0
749,4/13/2017,deadlift,Wendler2,190,3,215,3,245,2,0,0
750,4/13/2017,overhead,Wendler2,100,3,115,3,130,2,0,0
751,4/17/2017,bench,Wendler3,175,1,175,0,175,0,0,0
752,4/17/2017,"low squat",Wendler3,175,1,175,0,175,0,0,0
753,4/21/2017,deadlift,Wendler3,205,5,230,3,255,1,0,0
754,4/21/2017,overhead,Wendler3,110,5,120,2,120,2,0,0
755,4/24/2017,bench,Wendler4,0,0,0,0,0,0,0,0
756,4/24/2017,"low squat",Wendler4,0,0,0,0,0,0,0,0
757,4/28/2017,deadlift,Wendler4,0,0,0,0,0,0,0,0
758,4/28/2017,overhead,Wendler4,0,0,0,0,0,0,0,0
759,5/1/2017,bench,Wendler1,135,5,155,5,175,2,0,0
760,5/1/2017,"low squat",Wendler1,150,5,175,5,200,1,0,0
761,5/5/2017,deadlift,Wendler1,185,5,215,3,245,2,0,0
762,5/5/2017,overhead,Wendler1,90,5,105,5,120,2,0,0
763,5/8/2017,bench,Wendler2,145,5,165,3,185,4,0,0
764,5/8/2017,"low squat",Wendler2,165,5,185,3,210,4,0,0
765,5/12/2017,deadlift,Wendler2,200,5,230,3,260,1,0,0
766,5/12/2017,overhead,Wendler2,100,3,110,3,125,1,0,0
767,5/15/2017,bench,Wendler3,155,5,175,3,195,1,0,0
768,5/15/2017,"low squat",Wendler3,175,5,200,3,220,3,0,0
769,5/17/2017,deadlift,Wendler3,215,5,245,3,275,1,0,0
770,5/17/2017,overhead,Wendler3,105,5,120,3,135,1,0,0
771,5/22/2017,bench,Wendler4,0,0,0,0,0,0,0,0
772,5/22/2017,"low squat",Wendler4,0,0,0,0,0,0,0,0
773,5/24/2017,deadlift,Wendler4,0,0,0,0,0,0,0,0
774,5/24/2017,overhead,Wendler4,0,0,0,0,0,0,0,0
775,5/29/2017,bench,Wendler1,140,5,160,5,185,3,0,0
776,5/29/2017,"low squat",Wendler1,160,5,180,5,205,3,0,0
777,6/1/2017,deadlift,Wendler1,195,5,225,1,225,1,0,0
778,6/1/2017,overhead,Wendler1,95,5,110,5,125,2,0,0
779,6/5/2017,bench,Wendler2,150,3,175,3,195,1,0,0
780,6/5/2017,"low squat",Wendler2,170,3,195,3,220,2,0,0
781,6/8/2017,deadlift,Wendler2,210,3,240,3,265,1,0,0
782,6/8/2017,overhead,Wendler2,105,3,120,3,135,0,0,0
783,6/12/2017,bench,Wendler3,160,5,185,3,225,1,0,0
784,6/12/2017,"low squat",Wendler3,180,5,205,3,230,2,0,0
785,6/15/2017,deadlift,Wendler3,225,5,250,3,280,1,0,0
786,6/15/2017,overhead,Wendler3,110,5,125,3,140,1,0,0
787,6/19/2017,bench,Wendler4,0,0,0,0,0,0,0,0
788,6/19/2017,"low squat",Wendler4,0,0,0,0,0,0,0,0
789,6/22/2017,deadlift,Wendler4,0,0,0,0,0,0,0,0
790,6/22/2017,overhead,Wendler4,0,0,0,0,0,0,0,0
791,6/23/2017,deadlift,Wendler1,195,5,225,5,250,5,0,0
792,6/23/2017,overhead,Wendler1,0,0,0,0,0,0,0,0
793,6/26/2017,bench,Wendler1,0,0,0,0,0,0,0,0
794,6/26/2017,"low squat",Wendler1,160,5,180,5,205,5,0,0
795,7/3/2017,bench,Wendler2,0,0,0,0,0,0,0,0
796,7/3/2017,"low squat",Wendler2,170,3,195,3,220,4,0,0
797,7/6/2017,deadlift,Wendler2,210,3,240,3,265,4,0,0
798,7/6/2017,overhead,Wendler2,0,0,0,0,0,0,0,0
799,7/10/2017,bench,Wendler3,0,0,0,0,0,0,0,0
800,7/10/2017,"low squat",Wendler3,180,5,205,3,230,2,0,0
801,7/13/2017,deadlift,Wendler3,225,5,250,3,280,1,0,0
802,7/13/2017,overhead,Wendler3,0,0,0,0,0,0,0,0
803,7/17/2017,bench,Wendler4,0,0,0,0,0,0,0,0
804,7/17/2017,"low squat",Wendler4,0,0,0,0,0,0,0,0
805,7/20/2017,deadlift,Wendler4,0,0,0,0,0,0,0,0
806,7/20/2017,overhead,Wendler4,0,0,0,0,0,0,0,0
807,7/24/2017,bench,Wendler1,0,0,0,0,0,0,0,0
808,7/24/2017,"low squat",Wendler1,165,5,190,5,220,5,0,0
809,7/27/2017,deadlift,Wendler1,200,5,235,5,265,2,0,0
810,7/27/2017,overhead,Wendler1,0,0,0,0,0,0,0,0
811,7/31/2017,bench,Wendler2,0,0,0,0,0,0,0,0
812,7/31/2017,"low squat",Wendler2,180,3,205,3,230,3,0,0
813,8/3/2017,deadlift,Wendler2,215,3,250,3,280,3,0,0
814,8/3/2017,overhead,Wendler2,0,0,0,0,0,0,0,0
815,8/7/2017,bench,Wendler3,0,0,0,0,0,0,0,0
816,8/7/2017,"low squat",Wendler3,190,5,220,3,245,3,0,0
817,8/10/2017,deadlift,Wendler3,235,5,265,3,295,1,0,0
818,8/10/2017,overhead,Wendler3,0,0,0,0,0,0,0,0
819,8/14/2017,bench,Wendler4,0,0,0,0,0,0,0,0
820,8/14/2017,"low squat",Wendler4,0,0,0,0,0,0,0,0
821,8/17/2017,deadlift,Wendler4,0,0,0,0,0,0,0,0
822,8/17/2017,overhead,Wendler4,0,0,0,0,0,0,0,0
